SAP_id,date,amount,description,cost_center
3f0a36ea-c44a-4b2f-b806-5ba0001612c3,2024-01-20,3144.652215900456,synthesize sticky systems,1878
6e2099ea-5948-4fb0-80d9-05788c4871af,2024-09-11,1166.4330906925684,deploy holistic bandwidth,4918
69c81cf1-aad2-4b69-bfea-307f49286fef,2024-06-28,3674.175467660899,synthesize front-end methodologies,3465
ae3ecfa2-2bb9-4e65-b6bf-81b328c4a085,2024-01-24,2860.5269832960153,whiteboard cutting-edge paradigms,9082
347b70a5-9263-4996-8551-ed213df4c15a,2024-05-27,4146.349901628808,iterate wireless models,1034
6f7e0183-1ad3-4054-adfc-0c13be177fc7,2024-03-28,472.25432963286494,EXP. leading-edge e-commerce,3222
266bd657-4357-4f59-a320-53bd8682c629,2024-04-30,2637.336694572275,monetize turn-key niches,6113
45a855e6-2a05-4123-9d1c-860054ed6445,2024-03-08,4580.1768008076715,transition cutting-edge applications,2793
8bd08117-9c76-4aec-94a9-f204db9b14e3,2024-06-04,4290.892058615099,implement synergistic ROI,1881
206796f5-b553-45f7-87f8-08eca6a82363,2024-02-17,4576.81325605598,grow real-time metrics,7796
a10b9203-aa5a-40be-8913-4d96b28cbcd0,2024-04-13,567.4006463209146,scale collaborative e-business,5279
81673302-ef0f-4647-a66c-746ade4ab114,2024-07-06,1453.1543429620447,innovate 24/7 architectures,7146
46491c9e-9733-4723-849c-ea54582123f7,2024-08-10,1209.6724760390762,expedite clicks-and-mortar platforms,7859
389bbd72-e253-47b4-bb18-b075f07114aa,2024-07-18,3202.961837500501,seize out-of-the-box partnerships,4207
56847e7e-3b0f-44e2-bfc0-606f4362a70a,2024-03-17,2607.784659835575,enhance best-of-breed relationships,6227
0bed88fd-bc3c-468d-bf2a-98490a6a86fb,2024-02-24,1898.3208576402442,enable viral MET.,8157
c2291f98-73fc-4af3-b8a9-8a1505da3b04,2024-05-08,4027.4569680024592,morph virtual architectures,7953
04feb57f-b58e-45e5-ae68-72dc24d2fa2e,2024-04-24,2428.7205151903618,strategize clicks-and-mortar initiatives,4649
ad635f72-7a01-4cd5-ad5b-50f9c87c777e,2024-01-20,3812.6204343952195,re-intermediate best-of-breed mindshare,2140
fae5473c-b069-4b12-9718-763460510774,2024-02-07,3917.922382760494,incentivize proactivp relationships,5262
e1337089-68f7-4a5e-9345-c9fdf4eb298c,2024-02-20,3722.8433327703683,monetize B2C solutions,5314
3a626cb8-9e8d-4cf1-9da6-ebb7ee0c204a,2024-04-08,4614.7379085726225,integrate bleeding-edge functionalities,3283
a6ad7e5d-279b-4b3c-970d-eb036b9b2dc6,2024-03-28,4287.641462801798,empower virtual technologies,3294
1572bbd8-0bb8-4e30-936d-1f1a1f02dd27,2024-02-04,4346.111754220965,integrate clicks-and-mortar solutions,7677
77586785-d82f-4490-9473-401bec04fd34,2024-05-06,3002.4838829228493,strategize vertical architectures,9714
36e2c6be-af0b-4011-83bb-be8bf207c1e9,2024-06-08,1369.9799587708717,enable web-enabled models,6348
dd21209f-2ec6-4c91-974a-c0551e789704,2024-03-08,2099.56236126762,enhance open-source e-services,5466
4c820907-785d-42fb-a80a-2d555e5b3ce4,2024-04-02,1077.8671123314489,generate cross-media ROI,9259
4486f02e-c459-4d1d-a8cc-a8189c472359,2024-02-20,2201.6266805070695,grow world-class methodologies,6520
4d734591-7626-473f-baae-c4dc14c4c51e,2024-02-01,2587.3278265995136,TAR. customized solutions,9851
a419c64e-684a-4395-bb69-6e8cb7723a42,2024-02-07,789.7060908166479,revolutionize efficient content,6960
13e9aeda-51bf-409b-b261-26eb58431c37,2024-04-24,2393.4732715960563,benchmark robust functionalities,1847
901d0af1-e48a-4627-80c2-b5fd97ee9b87,2024-08-28,499.1642906285947,seize viraf CON.,5687
713ad914-eb69-4bcc-86f2-e7c850dbbf91,2024-08-23,4640.072036370121,ORC. compelling synergies,2653
20156cf7-1a8f-440f-9070-f110668c0ca0,2024-06-30,4927.4421242588505,FAC. collaborative convergence,7776
ede15438-c5be-4cbd-a382-c765b25c79ef,2024-05-27,3260.7272366555485,cultivate bricks-and-clicks markets,2672
620684d2-9510-45af-bdd4-d13237159d5a,2024-04-13,3391.8692536943827,engineer cutting-edge ROI,6816
0d7104b3-596f-482b-91d8-8247619dfe64,2024-01-25,1612.3504663409867,iterate enterprise portals,1826
07e92437-438b-446e-a2f7-73d17d051738,2024-01-14,461.34020956616695,target web-enabled metrics,3975
5a1a66ca-ac0a-4f4a-8d7d-635f881bced4,2024-03-04,3632.0237198601285,evolve dynamic eyeballs,9598
02ffb55e-3d12-4f75-a03a-85b2678a0a7b,2024-01-15,2619.5925347308353,orchestrate leading-edge markets,4064
f24c7748-7396-4afd-b327-13267b2528da,2024-06-25,2061.240372195097,syndicate impactful bandwidth,4670
db21cb05-16fb-46e5-b3de-cd139522f8fb,2024-08-03,902.610580831705,implement leading-edge modelq,3438
0e8fcdb0-7af5-4b1a-98be-57f889a13f17,2024-02-26,4345.716062959105,brand distributed bandwidth,7327
e0f5bd46-f26e-43d4-a2be-ec61afa98bb7,2024-04-16,1514.7875937497854,iterate front-end networks,3260
0357dffc-ebf2-4b91-aff9-40ea96340608,2024-09-20,2723.877758553855,streamline extensible interfaces,9366
badfc152-4b1d-417b-995a-212c66263445,2024-07-13,2219.2219662308858,grow world-class e-commerce,1327
7b13fdbc-524f-44bb-a46c-bb2efa93cae8,2024-06-04,162.6860890819729,exploit end-to-end markets,7370
e4ae3a85-f427-433c-97ef-f805f1ec333b,2024-02-02,2711.3052440886663,strategize robust schemas,4972
b44335ec-318e-4059-be02-25efaeef63fa,2024-08-19,3496.5913785892335,repurpose rich methodologies,7053
c695b4dd-de53-4db8-8c1f-6e142e4baa15,2024-06-22,872.2989319964813,enable clicks-and-mortar web services,4681
7b7d9930-bf5b-4698-b00a-acc1b82fdf60,2024-09-20,716.2860978269172,exploit one-to-one e-commerce,8322
5981513c-92ac-474b-9720-c9e4ae709719,2024-09-16,3719.7839249491076,revolutionize open-source initiativeq,4727
f309af13-88f1-4b8c-90b4-468e25fc24ee,2024-03-31,1866.4119902158793,synergize B2C info-mediaries,4391
ecc879ae-dd6c-47b3-b236-25a4e5f6524d,2023-12-29,3335.165621915484,syndicate B2C platforms,6758
68a8f407-59c2-47c5-b993-a59f374c04c2,2024-09-13,3474.0606545688456,drive distributed solutions,8680
bc5f0ea2-f105-4640-82e0-6cfdb99f92c9,2024-02-09,1127.8289002954732,envisioneer back-end eyeballs,8698
82bc8d9a-d4c7-400d-8081-f94e4eb94802,2024-02-02,3289.069858540154,architect cross-platform methodologies,8001
47349107-f1fc-4dc7-b096-7ad27c6c71af,2024-06-11,3202.7802473069796,leverage rich models,3092
fc076eeb-dee7-4cc7-976c-8c9bcb70a1d8,2024-06-09,2254.464011030669,transition killer platforms,1898
7b4c4aa1-59e8-4d0a-84bb-efad321d601e,2024-03-21,1053.2314178925822,mesh ubiquitous eyeballs,3606
d474e8a7-71ba-44dd-b2ab-4765c4fb30b1,2024-08-21,4242.098400731232,envisioneer next-generation applications,9635
83b5c1f7-11e9-4696-a0fa-e4b854f52cb7,2024-05-31,4361.104060682769,enable viral TEC.,9996
c6a40dd0-cc69-40e2-a100-373381c03e6a,2024-07-22,4753.218837732541,incentivize granulag ROI,9922
226d6a45-035f-44bd-a3af-513b63ab5b86,2024-02-14,1424.0688450967482,exploit out-of-the-box ROI,5900
9c134f5f-d7c2-4332-b350-526ed3de13f5,2024-03-06,2574.55749984646,deliver collaborative models,4112
1d35645b-4bdd-454e-9341-8195ea47b708,2024-02-22,338.52805425282094,transition integrated communities,5987
157bb5c5-8392-467c-9ba3-aee1434b806d,2024-04-21,1360.6561299887394,enhance cross-platform functionalities,3169
b6717ca0-ed13-4b2b-b8b1-d662e0625cd3,2024-07-24,1455.1581882669104,productize seamless bandwidth,2950
e51e2785-2690-4f83-b9cc-12cd706c302b,2024-08-05,3875.008494163985,unleash impactful synergies,6801
f1f17b4c-890a-473b-9127-a1bfa423cd8b,2024-09-09,2328.070469254301,integrate plug-and-play eyeballs,1484
36cf3d30-dcc9-430d-8422-c353e572b09f,2024-04-12,1661.8899829421248,expedite wireless applications,1822
d5ac6401-05cd-443d-8499-ee13310859d3,2024-01-01,694.2585648437151,brand impactful paradigms,8880
c4fe3759-9bf9-4304-a668-e6fee1fb7d17,2024-06-26,3915.1197338138595,SYN. extensible info-mediaries,8886
e059c1c2-be48-4d0d-ac9a-84911f3d280d,2024-01-12,998.2277209830067,evolve vertical methodologies,6964
fe88b4e3-def1-4bdb-a7e9-69563cf7defe,2024-07-24,440.05835537660374,streamline visionary eyeballs,3965
007fdbc3-faaf-4a95-a913-b16dc776ae2f,2024-03-01,3375.0988172028847,enhance rich action-items,9994
b41554ad-4b7e-4390-acac-a2e374484379,2024-08-27,169.01038501693648,benchmark dot-com vortals,3256
153bd2ff-41cc-4f01-b426-42857e2326f2,2024-07-31,1007.3124417059646,re-contextualize front-end e-business,4891
783b3eb7-b183-4d4c-b4f6-18f64e926216,2024-03-27,4006.246304664338,utilize wireless content,1251
eb086728-3121-4386-befa-288e14af5375,2024-06-03,3615.0891895915406,incentivize distributed schemas,1376
300a9934-8467-4d4c-8ffd-981d49b35668,2024-08-19,3561.370299557535,mesh intuitive e-business,5592
7c6da764-3e0a-4255-9167-bdae77d633d8,2024-05-31,86.04926054709325,RE-. web-enabled partnerships,1196
250414df-9ac6-4b6a-9d5d-b16d68bc3584,2024-03-22,2535.9445894165606,deploy distributed applications,2170
2407aa6d-c9cc-4d68-94dd-edf7e67307a1,2024-03-17,1601.3385677544927,transform frictionless bandwidth,3355
2c430f73-68f5-4255-a550-b499bdb2fc9e,2024-07-30,2737.039884873214,productize compelling mindshare,3257
1ea07342-6d6b-41b3-b71a-69201a0f295b,2024-07-31,3043.606125605711,incubate web-enabled vortals,5179
fc83386e-566f-40f3-8347-f430bbea6b02,2024-08-10,3742.4569665607414,re-contextualize open-source EYE.,4120
d3bf3d8a-3b3b-4caf-a2e3-c77e280bdacb,2024-03-10,4248.637892384232,engage real-time architectures,8644
7d31e19d-a3c0-4852-8944-3f75f1ada9f0,2024-06-07,955.8092128615978,whiteboard integrated systems,3158
e065d928-61e7-4e2b-9c09-f58f1688d058,2024-06-20,2060.706594379052,enable strategic initiatives,2654
9f48741b-412d-4596-a6e2-0b395b8663ab,2024-07-13,3226.6433769384425,maximize e-business architectures,1063
045838c8-f544-4639-af24-12fda9a93181,2024-08-12,1768.186811955714,transform killer interfaces,6026
b50bdd93-6cb4-45be-b9e3-f532a8a8c8e7,2024-04-03,1526.060944460853,transition leading-edge info-mediaries,6983
18fca591-30fc-4982-b2b9-fb105741591e,2024-01-18,3564.015718419709,implement enterprise ROI,7633
31e250e8-4c1e-411c-bd94-207e6f9a7895,2024-07-23,1790.4188978146965,reinvent holistic experiences,6947
cc0cba49-fa49-45b8-a9b2-21f55d23ff78,2024-02-15,3135.7329801751594,engage scalable e-markets,4578
89cff3ab-9ea6-403b-8834-0561cc57e5ab,2024-08-01,3980.5398040476734,drive 24/365 partnerships,6586
834d51b4-c6d8-4b20-8699-9b7e10555957,2024-01-25,3483.1435431746645,empower collaborative channels,1807
c3d8cd6b-e826-42dd-807f-0ef95c8d9ea2,2024-08-31,3149.282462694634,optimize dynamic communities,8141
2b396940-e447-4742-8837-7b542fc4a9be,2024-05-08,4302.08,Sharable bandwidth-monitored functionalities,9803
1d76f1c7-c123-4cfd-bf83-5900091d81e1,2024-01-17,3491.39,Reverse-engineered didactic help-desk,2460
9fc908e6-a7da-444c-9ef1-5dab4c9f42ff,2024-07-07,264.34,Mandatory grid-enabled paradigm,8914
590483ee-f109-4eed-a66e-af031c2f47c5,2024-03-24,3473.68,User-centric demand-driven extranet,3114
7b88cb4c-2aac-46a0-9cf8-e223f7d14c16,2024-07-24,3154.4,Versatile coherent task-force,6983
